Workbook

Sheet 최종 집계
B1: 1 | C1: 2 | D1: 3 | E1: 4 | F1: 5 | G1: 6 | H1: 7 | I1: 8 | J1: 9 | K1: 10 | L1: 11_1 | M1: 11_2 | N1: 12 | O1: 13 | P1: 14 | Q1: 15 | R1: 16 | S1: 17 | T1: 18_1 | U1: 18_2 | V1: 19 | W1: 20
A2: 1 | B2: =COUNTIF('row data'!B$2:B$150,1) -> 0 | C2: =COUNTIF('row data'!C$2:C$150,1) -> 0 | D2: =COUNTIF('row data'!D$2:D$150,1) -> 0 | E2: =COUNTIF('row data'!E$2:E$150,1) -> 0 | F2: =COUNTIF('row data'!F$2:F$150,1) -> 0 | G2: =COUNTIF('row data'!G$2:G$150,1) -> 0 | H2: =COUNTIF('row data'!H$2:H$150,1) -> 0 | I2: =COUNTIF('row data'!I$2:I$150,1) -> 0 | ... W2: =COUNTIF('row data'!W$2:W$150,1) -> 0
A3: 2 | B3: =COUNTIF('row data'!B$2:B$150,2) -> 0 | C3: =COUNTIF('row data'!C$2:C$150,2) -> 0 | D3: =COUNTIF('row data'!D$2:D$150,2) -> 0 | E3: =COUNTIF('row data'!E$2:E$150,2) -> 0 | F3: =COUNTIF('row data'!F$2:F$150,2) -> 0 | G3: =COUNTIF('row data'!G$2:G$150,2) -> 0 | H3: =COUNTIF('row data'!H$2:H$150,2) -> 0 | I3: =COUNTIF('row data'!I$2:I$150,2) -> 0 | ... W3: =COUNTIF('row data'!W$2:W$150,2) -> 0
A4: 3 | B4: =COUNTIF('row data'!B$2:B$150,3) -> 0 | C4: =COUNTIF('row data'!C$2:C$150,3) -> 0 | D4: =COUNTIF('row data'!D$2:D$150,3) -> 0 | E4: =COUNTIF('row data'!E$2:E$150,3) -> 0 | F4: =COUNTIF('row data'!F$2:F$150,3) -> 0 | G4: =COUNTIF('row data'!G$2:G$150,3) -> 0 | H4: =COUNTIF('row data'!H$2:H$150,3) -> 0 | I4: =COUNTIF('row data'!I$2:I$150,3) -> 0 | ... W4: =COUNTIF('row data'!W$2:W$150,3) -> 0
A5: 4 | B5: =COUNTIF('row data'!B$2:B$150,4) -> 0 | C5: =COUNTIF('row data'!C$2:C$150,4) -> 0 | D5: =COUNTIF('row data'!D$2:D$150,4) -> 0 | E5: =COUNTIF('row data'!E$2:E$150,4) -> 0 | F5: =COUNTIF('row data'!F$2:F$150,4) -> 0 | G5: =COUNTIF('row data'!G$2:G$150,4) -> 0 | H5: =COUNTIF('row data'!H$2:H$150,4) -> 0 | I5: =COUNTIF('row data'!I$2:I$150,4) -> 0 | ... W5: =COUNTIF('row data'!W$2:W$150,4) -> 0
A6: 5 | B6: =COUNTIF('row data'!B$2:B$150,5) -> 0 | C6: =COUNTIF('row data'!C$2:C$150,5) -> 0 | D6: =COUNTIF('row data'!D$2:D$150,5) -> 0 | E6: =COUNTIF('row data'!E$2:E$150,5) -> 0 | F6: =COUNTIF('row data'!F$2:F$150,5) -> 0 | G6: =COUNTIF('row data'!G$2:G$150,5) -> 0 | H6: =COUNTIF('row data'!H$2:H$150,5) -> 0 | I6: =COUNTIF('row data'!I$2:I$150,5) -> 0 | ... W6: =COUNTIF('row data'!W$2:W$150,5) -> 0
A7: 6 | B7: =COUNTIF('row data'!B$2:B$150,6) -> 0 | C7: =COUNTIF('row data'!C$2:C$150,6) -> 0 | D7: =COUNTIF('row data'!D$2:D$150,6) -> 0 | E7: =COUNTIF('row data'!E$2:E$150,6) -> 0 | F7: =COUNTIF('row data'!F$2:F$150,6) -> 0 | G7: =COUNTIF('row data'!G$2:G$150,6) -> 0 | H7: =COUNTIF('row data'!H$2:H$150,6) -> 0 | I7: =COUNTIF('row data'!I$2:I$150,6) -> 0 | ... W7: =COUNTIF('row data'!W$2:W$150,6) -> 0
A8: 7 | B8: =COUNTIF('row data'!B$2:B$150,7) -> 0 | C8: =COUNTIF('row data'!C$2:C$150,7) -> 0 | D8: =COUNTIF('row data'!D$2:D$150,7) -> 0 | E8: =COUNTIF('row data'!E$2:E$150,7) -> 0 | F8: =COUNTIF('row data'!F$2:F$150,7) -> 0 | G8: =COUNTIF('row data'!G$2:G$150,7) -> 0 | H8: =COUNTIF('row data'!H$2:H$150,7) -> 0 | I8: =COUNTIF('row data'!I$2:I$150,7) -> 0 | ... W8: =COUNTIF('row data'!W$2:W$150,7) -> 0

Sheet 퍼센트
A1: 번호 | B1: 1 | C1: 2 | D1: 3 | E1: 4 | F1: 5 | G1: 6 | H1: 7 | I1: 8 | J1: 9 | K1: 10 | L1: 11_1 | M1: 11_2 | N1: 12 | O1: 13 | P1: 14 | Q1: 15 | R1: 16 | S1: 17 | T1: 18_1 | U1: 18_2 | V1: 19 | W1: 20 | X1: 1번기타 | Y1: 16번기타 | Z1: 총 응답자
A2: 1 | B2: ='최종 집계'!B2 / $Z$2 -> #DIV/0! | C2: ='최종 집계'!C2 / $Z$2 -> #DIV/0! | D2: ='최종 집계'!D2 / $Z$2 -> #DIV/0! | E2: ='최종 집계'!E2 / $Z$2 -> #DIV/0! | F2: ='최종 집계'!F2 / $Z$2 -> #DIV/0! | G2: ='최종 집계'!G2 / $Z$2 -> #DIV/0! | H2: ='최종 집계'!H2 / $Z$2 -> #DIV/0! | I2: ='최종 집계'!I2 / $Z$2 -> #DIV/0! | ... W2: ='최종 집계'!W2 / $Z$2 -> #DIV/0! | Z2: =COUNTA('row data'!A:A)-1 -> 0
A3: 2 | B3: ='최종 집계'!B3 / $Z$2 -> #DIV/0! | C3: ='최종 집계'!C3 / $Z$2 -> #DIV/0! | D3: ='최종 집계'!D3 / $Z$2 -> #DIV/0! | E3: ='최종 집계'!E3 / $Z$2 -> #DIV/0! | F3: ='최종 집계'!F3 / $Z$2 -> #DIV/0! | G3: ='최종 집계'!G3 / $Z$2 -> #DIV/0! | H3: ='최종 집계'!H3 / $Z$2 -> #DIV/0! | I3: ='최종 집계'!I3 / $Z$2 -> #DIV/0! | ... W3: ='최종 집계'!W3 / $Z$2 -> #DIV/0!
A4: 3 | B4: ='최종 집계'!B4 / $Z$2 -> #DIV/0! | C4: ='최종 집계'!C4 / $Z$2 -> #DIV/0! | D4: ='최종 집계'!D4 / $Z$2 -> #DIV/0! | E4: ='최종 집계'!E4 / $Z$2 -> #DIV/0! | F4: ='최종 집계'!F4 / $Z$2 -> #DIV/0! | G4: ='최종 집계'!G4 / $Z$2 -> #DIV/0! | H4: ='최종 집계'!H4 / $Z$2 -> #DIV/0! | I4: ='최종 집계'!I4 / $Z$2 -> #DIV/0! | ... W4: ='최종 집계'!W4 / $Z$2 -> #DIV/0!
A5: 4 | B5: ='최종 집계'!B5 / $Z$2 -> #DIV/0! | C5: ='최종 집계'!C5 / $Z$2 -> #DIV/0! | D5: ='최종 집계'!D5 / $Z$2 -> #DIV/0! | E5: ='최종 집계'!E5 / $Z$2 -> #DIV/0! | F5: ='최종 집계'!F5 / $Z$2 -> #DIV/0! | G5: ='최종 집계'!G5 / $Z$2 -> #DIV/0! | H5: ='최종 집계'!H5 / $Z$2 -> #DIV/0! | I5: ='최종 집계'!I5 / $Z$2 -> #DIV/0! | ... W5: ='최종 집계'!W5 / $Z$2 -> #DIV/0!
A6: 5 | B6: ='최종 집계'!B6 / $Z$2 -> #DIV/0! | C6: ='최종 집계'!C6 / $Z$2 -> #DIV/0! | D6: ='최종 집계'!D6 / $Z$2 -> #DIV/0! | E6: ='최종 집계'!E6 / $Z$2 -> #DIV/0! | F6: ='최종 집계'!F6 / $Z$2 -> #DIV/0! | G6: ='최종 집계'!G6 / $Z$2 -> #DIV/0! | H6: ='최종 집계'!H6 / $Z$2 -> #DIV/0! | I6: ='최종 집계'!I6 / $Z$2 -> #DIV/0! | ... W6: ='최종 집계'!W6 / $Z$2 -> #DIV/0!
A7: 6 | B7: ='최종 집계'!B7 / $Z$2 -> #DIV/0! | C7: ='최종 집계'!C7 / $Z$2 -> #DIV/0! | D7: ='최종 집계'!D7 / $Z$2 -> #DIV/0! | E7: ='최종 집계'!E7 / $Z$2 -> #DIV/0! | F7: ='최종 집계'!F7 / $Z$2 -> #DIV/0! | G7: ='최종 집계'!G7 / $Z$2 -> #DIV/0! | H7: ='최종 집계'!H7 / $Z$2 -> #DIV/0! | I7: ='최종 집계'!I7 / $Z$2 -> #DIV/0! | ... W7: ='최종 집계'!W7 / $Z$2 -> #DIV/0!
A8: 7 | B8: ='최종 집계'!B8 / $Z$2 -> #DIV/0! | C8: ='최종 집계'!C8 / $Z$2 -> #DIV/0! | D8: ='최종 집계'!D8 / $Z$2 -> #DIV/0! | E8: ='최종 집계'!E8 / $Z$2 -> #DIV/0! | F8: ='최종 집계'!F8 / $Z$2 -> #DIV/0! | G8: ='최종 집계'!G8 / $Z$2 -> #DIV/0! | H8: ='최종 집계'!H8 / $Z$2 -> #DIV/0! | I8: ='최종 집계'!I8 / $Z$2 -> #DIV/0! | ... W8: ='최종 집계'!W8 / $Z$2 -> #DIV/0!
B9: =SUM(B2:B8) -> #DIV/0! | C9: =SUM(C2:C8) -> #DIV/0! | D9: =SUM(D2:D8) -> #DIV/0! | E9: =SUM(E2:E8) -> #DIV/0! | F9: =SUM(F2:F8) -> #DIV/0! | G9: =SUM(G2:G8) -> #DIV/0! | H9: =SUM(H2:H8) -> #DIV/0! | I9: =SUM(I2:I8) -> #DIV/0! | ... W9: =SUM(W2:W8) -> #DIV/0!

Sheet row data
A1: 번호 | B1: 1 | C1: 2 | D1: 3 | E1: 4 | F1: 5 | G1: 6 | H1: 7 | I1: 8 | J1: 9 | K1: 10 | L1: 11_1 | M1: 11_2 | N1: 12 | O1: 13 | P1: 14 | Q1: 15 | R1: 16 | S1: 17 | T1: 18_1 | U1: 18_2 | V1: 19 | W1: 20 | X1: 1번기타 | Y1: 16번기타
